{
    "rmse": 0.6925601289205737,
    "mae": 0.553442492614211,
    "r2": 0.2660516730038206
}