{
    "rmse": 0.6430262479233694,
    "mae": 0.5181606255589497,
    "r2": 0.36728531261547803
}